Z,Symbol,k,Experimental_IE,Theoretical_IE,Error_eV,Error_Pct
1,H,1,13.598,14.64086039324392,1.0428603932439184,7.669218953110152
2,He,1,24.587,27.540601558071316,2.953601558071316,12.012858657303925
2,He,2,54.418,58.56344157297568,4.1454415729756775,7.617776421359987
3,Li,1,5.392,4.290301525603496,-1.1016984743965041,-20.43209336788769
3,Li,2,75.64,84.04260998767822,8.402609987678218,11.108685864196481
3,Li,3,122.454,131.7677435391953,9.3137435391953,7.6059120479488636
4,Be,1,9.323,7.824116412554929,-1.4988835874450714,-16.077266839483766
4,Be,2,18.211,16.085937584719034,-2.125062415280965,-11.669114355504723
4,Be,3,153.897,169.82633920377305,15.929339203773054,10.350649592762078
4,Be,4,217.713,234.2537662919027,16.540766291902713,7.5975096994220435
5,B,1,8.298,9.54500487264636,1.2470048726463592,15.027776243026745
5,B,2,25.155,22.85151602460155,-2.30348397539845,-9.15716150029199
5,B,3,37.931,35.404300722352104,-2.526699277647893,-6.66130415134822
5,B,4,259.375,284.8917892063557,25.516789206355725,9.837798248233533
5,B,5,340.226,366.021509831098,25.795509831098002,7.581874939333854
6,C,1,11.26,11.667561709899928,0.40756170989992846,3.6195533738892403
6,C,2,24.384,26.58552292523359,2.20152292523359,9.028555303615445
6,C,3,47.888,45.40164271516585,-2.486357284834149,-5.192025736790321
6,C,4,64.494,62.24539093850274,-2.2486090614972625,-3.4865399285162377
6,C,5,392.087,429.2389599954263,37.151959995426296,9.475437848086342
6,C,6,489.993,527.0709741567812,37.07797415678118,7.567041601978229
7,N,1,14.534,14.43056701167293,-0.10343298832707148,-0.71166222875376
7,N,2,29.601,31.09690839636346,1.4959083963634612,5.05357385346259
7,N,3,47.449,51.05861295627892,3.609612956278923,7.60735306598437
7,N,4,77.474,75.47449648424754,-1.9995035157524654,-2.580870376839282
7,N,5,97.89,96.60920823317088,-1.2807917668291253,-1.3083989854215194
7,N,6,552.068,602.8678515709847,50.79985157098474,9.201738113961458
7,N,7,667.046,717.402159268952,50.356159268951956,7.549128436262559
8,O,1,13.618,15.602637444632254,1.9846374446322539,14.573633754092038
8,O,2,35.121,36.24874233201276,1.1277423320127582,3.2110199937722674
8,O,3,54.936,57.958827061284865,3.0228270612848647,5.502452055637223
8,O,4,77.414,82.96427496578167,5.550274965781668,7.169601061541411
8,O,5,113.899,113.07007733184696,-0.8289226681530408,-0.7277699261214241
8,O,6,138.12,138.49575260635652,0.37575260635651375,0.2720479339389761
8,O,7,739.327,805.7784639330309,66.45146393303094,8.988101872788487
8,O,8,871.41,937.0150651676108,65.60506516761086,7.528610546999789
9,F,1,17.423,17.415156342110784,-0.007843657889214484,-0.045018985761433074
9,F,2,34.971,39.80964139884816,4.838641398848161,13.836153952841387
9,F,3,62.708,65.49948963081093,2.791489630810929,4.451568589033184
9,F,4,87.14,92.25331770466391,5.113317704663913,5.867934019582182
9,F,5,114.243,122.30250895374229,8.059508953742295,7.054707031277449
9,F,6,157.165,158.18838525796355,1.0233852579635538,0.6511534107234778
9,F,7,185.186,187.90502405806,2.7190240580600005,1.4682665309796639
9,F,8,953.912,1037.970797081565,84.05879708156499,8.81200751029078
9,F,9,1103.117,1185.9096918527573,82.79269185275734,7.505340943232436
10,Ne,1,21.565,19.139773704109427,-2.4252262958905746,-11.24612240153292
10,Ne,2,40.963,44.01098893020413,3.047988930204127,7.440834241154523
10,Ne,3,63.45,71.44921733152239,7.999217331522388,12.60711951382567
10,Ne,4,97.12,102.18280890806605,5.062808908066046,5.212941626921381
10,Ne,5,126.21,133.98038032650084,7.770380326500842,6.1567073342055645
10,Ne,6,157.93,169.07331492016056,11.143314920160549,7.055856974710661
10,Ne,7,207.276,210.82942026259798,3.5534202625979674,1.714342356374094
10,Ne,8,239.099,244.8370225882809,5.738022588280899,2.3998521902144714
10,Ne,9,1195.828,1299.4448510165867,103.61685101658668,8.664862423073108
10,Ne,10,1362.199,1464.086039324392,101.88703932439194,7.4796002143880544
11,Na,1,5.139,5.1178127709818,-0.02118722901820025,-0.4122831099085474
11,Na,2,47.286,48.12443492607793,0.8384349260779302,1.7731145076300179
11,Na,3,71.62,78.03939349675488,6.4193934967548785,8.963129707839819
11,Na,4,98.91,110.52136524265404,11.611365242654045,11.739323872868312
11,Na,5,138.4,146.29870016377996,7.898700163779949,5.707153297528865
11,Na,6,172.18,183.14001492679472,10.960014926794713,6.3654401944446
11,Na,7,208.5,223.27669286503715,14.776692865037148,7.087142860929088
11,Na,8,264.25,270.99318234575003,6.743182345750029,2.5518192415326504
11,Na,9,299.864,309.29174819701893,9.427748197018957,3.144008015973561
11,Na,10,1465.121,1590.2006257380958,125.07962573809573,8.53715329574115
12,Mg,1,7.646,7.753805894814832,0.10780589481483194,1.4099646196028242
12,Mg,2,15.035,12.947882113548985,-2.087117886451015,-13.88172854307293
12,Mg,3,80.144,84.54166812650523,4.3976681265052235,5.487208183401406
12,Mg,4,109.265,119.50037004176261,10.235370041762607,9.36747361164381
12,Mg,5,141.27,157.02608513224402,15.75608513224401,11.153171326002695
12,Mg,6,186.76,197.84716339795037,11.087163397950377,5.936583528566277
12,Mg,7,225.02,239.7322215055474,14.712221505547376,6.538183941670685
12,Mg,8,265.96,284.91264278837116,18.95264278837118,7.126125277624899
12,Mg,9,328.06,338.6796715074197,10.619671507419696,3.2371125731328707
12,Mg,10,367.5,381.2692008842746,13.769200884274596,3.7467213290543118
13,Al,1,5.986,6.420713032245658,0.43471303224565805,7.262162249342767
13,Al,2,18.829,17.11759157227607,-1.7114084277239314,-9.089215718965061
13,Al,3,28.448,24.348054656520617,-4.0999453434793836,-14.412068839564762
13,Al,4,119.992,128.39147330538992,8.399473305389918,7.000027756342021
13,Al,5,153.825,168.39391856522775,14.568918565227762,9.471099343557784
13,Al,6,190.49,210.96337700029142,20.473377000291407,10.747743713733742
13,Al,7,241.76,256.8281986105791,15.068198610579088,6.2327095510337065
13,Al,8,284.64,303.75700006275747,19.117000062757484,6.716202945038464
13,Al,9,330.13,353.9811646901626,23.85116469016259,7.224779538412926
13,Al,10,398.75,413.88888774760653,15.138887747606532,3.796586268992234
14,Si,1,8.152,8.042494750730839,-0.10950524926916039,-1.3432930479533904
14,Si,2,16.346,16.840054819253055,0.49405481925305494,3.02248145878536
14,Si,3,33.493,30.051480450141753,-3.441519549858249,-10.275339772066548
14,Si,4,45.142,39.318330399895785,-5.823669600104218,-12.900778875779134
14,Si,5,166.767,179.67385046273023,12.906850462730233,7.739451128059048
14,Si,6,205.267,224.72003906715213,19.453039067152133,9.47694420786202
14,Si,7,246.5,272.33324084679714,25.83324084679714,10.480016570708779
14,Si,8,303.54,323.2418058016643,19.701805801664307,6.490678593155533
14,Si,9,351.12,375.2143505984259,24.094350598425876,6.862141318758794
14,Si,10,401.37,430.48225857041234,29.112258570412337,7.253222356033668
15,P,1,10.487,10.34378103895383,-0.14321896104616982,-1.3656809482804408
15,P,2,19.769,19.789269122431506,0.02026912243150747,0.10252983171383212
15,P,3,30.203,31.389553994853486,1.1865539948534867,3.928596479996976
15,P,4,51.444,46.555472528410974,-4.888527471589029,-9.502619297855977
15,P,5,65.025,57.85870934367631,-7.166290656323696,-11.020823769817294
15,P,6,220.421,238.38879959853432,17.967799598534327,8.151582471059621
15,P,7,263.57,288.4787315475321,24.908731547532113,9.450518476128586
15,P,8,309.6,341.1356766717603,31.535676671760257,10.185942077441942
15,P,9,372.13,397.0879849712079,24.957984971207907,6.706791973559753
15,P,10,424.4,454.1042731125526,29.70427311255264,6.999121845559059
16,S,1,10.36,11.093188563582206,0.7331885635822069,7.077109687086939
16,S,2,23.338,23.417987995346856,0.07998799534685475,0.34273714691428037
16,S,3,34.79,35.6662008827243,0.876200882724298,2.5185423475834954
16,S,4,47.222,50.06921055904786,2.847210559047859,6.029415439938713
16,S,5,72.595,66.62956780708373,-5.965432192916268,-8.217414688224075
16,S,6,88.053,79.96919148786219,-8.083808512137807,-9.18061680140121
16,S,7,280.948,304.53632071278946,23.588320712789482,8.3959738858399
16,S,8,328.75,359.66999600637496,30.91999600637496,9.405321979125462
16,S,9,379.6,417.3706844751799,37.770684475179905,9.950127627813462
16,S,10,447.5,478.3667361192116,30.866736119211623,6.897594663510977
17,Cl,1,12.968,12.522100657951121,-0.4458993420488788,-3.438458837514488
17,Cl,2,23.814,25.49482810467123,1.6808281046712317,7.0581511072110175
17,Cl,3,39.61,40.622352340333826,1.0123523403338268,2.5557998998581843
17,Cl,4,53.465,55.67329003161103,2.2082900316110283,4.130347015077207
17,Cl,5,67.8,72.87902451183072,5.079024511830724,7.491186595620538
17,Cl,6,97.03,90.27376628616366,-6.7562337138363375,-6.963035879456187
17,Cl,7,114.196,105.64977683245161,-8.54622316754839,-7.483820070360074
17,Cl,8,348.28,378.116413805502,29.836413805502048,8.56678930903355
17,Cl,9,400.06,438.2938324436716,38.23383244367159,9.557024557234312
17,Cl,10,455.63,501.0382642570588,45.40826425705882,9.96603916710024
18,Ar,1,15.76,13.902167322058755,-1.8578326779412446,-11.78827841333277
18,Ar,2,27.63,28.251172783732507,0.6211727837325078,2.2481823515472596
18,Ar,3,40.74,44.02662503435056,3.286625034350557,8.067317217355319
18,Ar,4,59.81,61.95687407391656,2.146874073916557,3.5894901754164135
18,Ar,5,74.84,79.81053656908807,4.970536569088068,6.641550733682614
18,Ar,6,91.009,99.81899585320934,8.809995853209344,9.680356726487869
18,Ar,7,124.323,117.48806796564713,-6.83493203435286,-5.497721285967086
18,Ar,8,143.46,134.90046537744456,-8.559534622555447,-5.966495624254459
18,Ar,9,422.45,459.1290788766793,36.679078876679284,8.68246629818423
18,Ar,10,478.69,524.3502408594238,45.66024085942382,9.538582560618316
19,K,1,4.341,3.9625170454601175,-0.3784829545398827,-8.718796464867143
19,K,2,31.63,30.958672032537958,-0.6713279674620409,-2.1224406179640876
19,K,3,45.806,48.11040229810602,2.3044022981060195,5.030787010666768
19,K,4,60.91,66.68857935262565,5.7785793526256555,9.487078234486383
19,K,5,82.66,87.42155319608597,4.76155319608597,5.7604079313887855
19,K,6,99.4,108.07794049516087,8.677940495160868,8.730322429739305
19,K,7,117.56,130.8891245831801,13.32912458318009,11.338146123834713
19,K,8,154.88,148.27247284553232,-6.607527154467675,-4.26622362762634
19,K,9,175.817,167.7212571228447,-8.095742877155317,-4.60464168832099
19,K,10,503.8,547.5743159263103,43.774315926310294,8.688828091764647
20,Ca,1,6.113,6.05278492040452,-0.06021507959548078,-0.9850332013001926
20,Ca,2,11.872,10.203036815939413,-1.668963184060587,-14.057978302397128
20,Ca,3,50.913,52.14533413160019,1.2323341316001901,2.420470472374816
20,Ca,4,67.27,72.09978920107528,4.829789201075286,7.17970744919769
20,Ca,5,84.5,93.48069105949469,8.980691059494688,10.628036756798448
20,Ca,6,108.78,117.01638970685113,8.236389706851128,7.57160296640111
20,Ca,7,127.2,140.4755018098258,13.275501809825798,10.43671525929701
20,Ca,8,147.24,166.08941070174114,18.849410701741135,12.801827425795393
20,Ca,9,188.54,182.6269809258265,-5.913019074173491,-3.136214635713107
20,Ca,10,211.275,204.11215206864654,-7.162847931353468,-3.3902960271463582
21,Sc,1,6.562,6.333994162210729,-0.2280058377892713,-3.474639405505506
21,Sc,2,12.8,10.560392204090022,-2.239607795909979,-17.496935905546714
21,Sc,3,24.757,16.72645449767515,-8.030545502324852,-32.43747425909784
21,Sc,4,73.49,77.46215361926365,3.9721536192636506,5.405026016143219
21,Sc,5,91.65,100.21933349263486,8.569333492634854,9.350063821751068
21,Sc,6,110.68,124.40296015495039,13.722960154950385,12.398771372380182
21,Sc,7,138.0,150.74138360621023,12.741383606210235,9.232886671166836
21,Sc,8,158.1,177.00322051308467,18.903220513084676,11.95649621320979
21,Sc,9,180.03,205.41985420889614,25.38985420889614,14.103124039824552
21,Sc,10,225.18,220.55159220652422,-4.6284077934757875,-2.0554257898018418
22,Ti,1,6.828,6.6213542344739835,-0.20664576552601677,-3.0264464781197535
22,Ti,2,13.58,10.923898422701313,-2.6561015772986867,-19.55892177686809
22,Ti,3,27.492,16.56012901302529,-10.931870986974712,-39.763825792865966
22,Ti,4,43.267,29.735919106977235,-13.531080893022768,-31.273443716973137
22,Ti,5,99.3,106.9091304955174,7.609130495517405,7.662769884710379
22,Ti,6,119.53,132.46903517278474,12.939035172784742,10.824926941173548
22,Ti,7,140.8,159.45538663900368,18.655386639003666,13.249564374292374
22,Ti,8,170.4,188.59653489415965,18.19653489415964,10.678717660891808
22,Ti,9,192.1,217.66109660493385,25.56109660493385,13.306140866701641
22,Ti,10,215.92,248.88045510464872,32.96045510464873,15.265123705376404
23,V,1,6.746,6.914865137190645,0.1688651371906449,2.503189107480653
23,V,2,14.66,11.29355547176965,-3.3664445282303497,-22.963468814668143
23,V,3,29.311,15.582599923796806,-13.728400076203194,-46.83702390298248
23,V,4,46.709,29.786665831805294,-16.92233416819471,-36.229279514000964
23,V,5,65.282,46.46237360465602,-18.819626395343974,-28.82820133473848
23,V,6,128.13,140.48626476036145,12.356264760361455,9.643537626130847
23,V,7,150.6,168.8488942415322,18.248894241532213,12.117459655731881
23,V,8,173.4,198.63797051164727,25.237970511647262,14.55476961456013
23,V,9,205.8,230.58184357070664,24.781843570706627,12.041712133482326
23,V,10,230.5,262.4491300853733,31.949130085373326,13.860793963285609
24,Cr,1,6.767,7.21452687036799,0.44752687036799,6.613371809782621
24,Cr,2,16.486,11.669363351295033,-4.816636648704968,-29.216527045401964
24,Cr,3,30.96,13.7938672299897,-17.1661327700103,-55.44616527781104
24,Cr,4,49.16,29.026208952062007,-20.13379104793799,-40.95563679401544
24,Cr,5,69.46,46.73019253896564,-22.729807461034355,-32.72359265913383
24,Cr,6,90.634,66.9058179907006,-23.728182009299402,-26.180221560671935
24,Cr,7,160.18,178.1935564138031,18.013556413803087,11.245821209765943
24,Cr,8,184.7,209.35891069886998,24.658910698869988,13.350790849415262
24,Cr,9,209.3,241.9507117728848,32.65071177288479,15.599957846576585
24,Cr,10,244.4,276.69730963584027,32.297309635840264,13.214938476203052
25,Mn,1,7.434,7.520339434006019,0.0863394340060184,1.1614128868175733
25,Mn,2,15.64,12.05132206127746,-3.5886779387225403,-22.94551111715179
25,Mn,3,33.668,12.65063093160761,-21.01736906839239,-62.425356624665525
25,Mn,4,51.2,27.454548467729182,-23.74545153227082,-46.37783502396645
25,Mn,5,72.4,46.18680786870391,-26.213192131296097,-36.20606647969074
25,Mn,6,95.6,67.39070913448813,-28.20929086551186,-29.50762642835969
25,Mn,7,119.203,91.06625226512551,-28.13674773487449,-23.60406007808066
25,Mn,8,194.5,220.0310054558314,25.531005455831405,13.126480954154966
25,Mn,9,221.8,253.9990845448017,32.19908454480168,14.517170669432677
25,Mn,10,248.3,289.39361042271264,41.09361042271263,16.549984060697795
26,Fe,1,7.902,7.832302828093816,-0.06969717190618407,-0.8820193863095934
26,Fe,2,16.188,12.439431601720571,-3.748568398279428,-23.156464036813862
26,Fe,3,30.652,7.75499102864326,-22.89700897135674,-74.69988572150835
26,Fe,4,54.8,26.52838437883229,-28.271615621167708,-51.590539454685604
26,Fe,5,75.0,44.83221959385992,-30.167780406140082,-40.223707208186774
26,Fe,6,99.1,67.06439667370432,-32.03560332629567,-32.32654220615103
26,Fe,7,124.98,91.7682156183946,-33.2117843816054,-26.573679293971352
26,Fe,8,151.06,118.94367642791622,-32.116323572083786,-21.26064052170249
26,Fe,9,233.6,265.9986118864646,32.39861188646458,13.869268787013947
26,Fe,10,262.1,302.76941577932735,40.66941577932732,15.516755352662084
27,Co,1,7.881,8.150417052645935,0.2694170526459345,3.4185643020674346
27,Co,2,17.084,12.833691972620727,-4.250308027379273,-24.87888098442562
27,Co,3,33.5,3.5048475211075623,-29.995152478892436,-89.53776859370876
27,Co,4,51.3,21.849816685349495,-29.450183314650502,-57.40776474590742
27,Co,5,79.5,44.1231277144373,-35.3768722855627,-44.499210422091444
27,Co,6,102.0,65.92688060834189,-36.07311939165811,-35.36580332515501
27,Co,7,128.9,91.65897536709235,-37.24102463290765,-28.891407783481498
27,Co,8,157.8,119.86271199066687,-37.937288009333145,-24.041373896915804
27,Co,9,186.13,150.53809047907998,-35.59190952092001,-19.122070338430134
27,Co,10,275.4,316.09637570566986,40.69637570566988,14.777187983177154
28,Ni,1,7.64,8.474682107655099,0.834682107655099,10.925158477160982
28,Ni,2,18.169,13.234103173970652,-4.934896826029348,-27.161081105340678
28,Ni,3,35.19,156.09484129916666,120.90484129916666,343.5772699606896
28,Ni,4,54.9,12.972470484662592,-41.927529515337405,-76.37072771464008
28,Ni,5,76.06,35.84563314185621,-40.21436685814379,-52.87189962942912
28,Ni,6,108.0,61.19043766388843,-46.80956233611157,-43.34218734825146
28,Ni,7,133.0,90.4635840507447,-42.5364159492553,-31.982267631019024
28,Ni,8,162.0,119.26717230244685,-42.73282769755315,-26.378288702193302
28,Ni,9,193.0,151.99910241897305,-41.00089758102695,-21.243988383951788
28,Ni,10,224.6,187.20267440033058,-37.397325599669415,-16.65063472825887
29,Cu,1,7.726,8.805097993121308,1.0790979931213078,13.967098021243954
29,Cu,2,20.292,13.640665205784899,-6.651334794215103,-32.77811351377441
29,Cu,3,36.841,169.97095850344624,133.12995850344623,361.3635854169166
29,Cu,4,57.38,7.316991977451206,-50.0630080225488,-87.24818407554687
29,Cu,5,79.8,31.218430448705003,-48.58156955129499,-60.87915983871552
29,Cu,6,103.0,57.59151078479013,-45.40848921520987,-44.08591185942706
29,Cu,7,139.0,86.43623298570658,-52.56376701429342,-37.81565972251325
29,Cu,8,166.0,119.20929705146891,-46.79070294853109,-28.187170450922345
29,Cu,9,199.0,151.51280298204802,-47.487197017951985,-23.86291307434773
29,Cu,10,232.2,187.744650777473,-44.45534922252699,-19.145283902897066
30,Zn,1,9.394,9.141664709044562,-0.25233529095543794,-2.6861325415737483
30,Zn,2,17.964,14.05337806805619,-3.9106219319438082,-21.76921583135053
30,Zn,3,39.723,184.0431709984506,144.32017099845058,363.3163935212612
30,Zn,4,59.4,0.8503098656611983,-58.5496901343388,-98.5685019096613
30,Zn,5,82.6,25.7800241509679,-56.81997584903209,-68.78931700851342
30,Zn,6,108.0,53.181380301120484,-54.818619698879516,-50.757981202666215
30,Zn,7,134.0,83.05437831609711,-50.945621683902885,-38.01912065962902
30,Zn,8,174.0,115.39901819590507,-58.60098180409493,-33.6787251747672
30,Zn,9,203.0,151.67199994055892,-51.32800005944108,-25.284729093320728
30,Zn,10,238.0,187.47542355002952,-50.52457644997048,-21.22881363444138
31,Ga,1,5.999,6.662041261246486,0.6630412612464864,11.052529775737398
31,Ga,2,20.515,17.96185256906756,-2.553147430932441,-12.44527141570773
31,Ga,3,30.71,24.526222387088637,-6.1837776129113635,-20.136039117262662
31,Ga,4,63.241,0.8503098656611983,-62.390690134338804,-98.6554452559871
31,Ga,5,86.01,25.7800241509679,-60.2299758490321,-70.0267129973632
31,Ga,6,112.7,53.181380301120484,-59.51861969887952,-52.81155252784341
31,Ga,7,140.9,83.05437831609711,-57.84562168390289,-41.05438018729801
31,Ga,8,169.9,115.39901819590507,-54.500981804094934,-32.07827063219242
31,Ga,9,211.0,151.67199994055892,-59.32800005944108,-28.117535573194825
31,Ga,10,244.0,187.47542355002952,-56.52457644997048,-23.165810020479704
32,Ge,1,7.9,7.806696747524256,-0.093303252475744,-1.1810538288068861
32,Ge,2,15.935,13.865596590469067,-2.069403409530933,-12.986529083971968
32,Ge,3,34.224,29.67940448765148,-4.544595512348515,-13.278972394660224
32,Ge,4,45.713,37.896430764689285,-7.816569235310716,-17.09922611797676
32,Ge,5,93.5,19.530414248666727,-73.96958575133327,-79.11185641853825
32,Ge,6,115.9,47.960046212872214,-67.93995378712779,-58.619459695537344
32,Ge,7,144.3,78.86132004190175,-65.43867995809826,-45.34905056001266
32,Ge,8,176.4,112.23423573577716,-64.16576426422284,-36.37514980965014
32,Ge,9,212.4,148.0787932944766,-64.3212067055234,-30.283054004483706
32,Ge,10,252.1,187.8516927180147,-64.24830728198529,-25.485246839343628
33,As,1,9.815,9.652247540589679,-0.16275245941032068,-1.6582013184953712
33,As,2,18.633,15.756365974659275,-2.8766340253407243,-15.438383649121047
33,As,3,28.351,23.390601508719556,-4.9603984912804435,-17.496379285670503
33,As,4,50.13,44.294320464818156,-5.835679535181846,-11.641092230564224
33,As,5,62.63,54.16400320085086,-8.465996799149146,-13.517478523310148
33,As,6,127.6,41.92750852003804,-85.67249147996196,-67.14145100310499
33,As,7,155.4,73.85705816314231,-81.5429418368577,-52.47293554495347
33,As,8,183.3,108.25824967106335,-75.04175032893666,-40.939307326206574
33,As,9,215.5,145.131083043823,-70.368916956177,-32.653789770847794
33,As,10,253.0,184.47555828142123,-68.52444171857877,-27.084759572560777
34,Se,1,9.752,9.96731030712397,0.21531030712396948,2.2078579483589977
34,Se,2,21.19,18.348030665637133,-2.8419693343628687,-13.411842068725194
34,Se,3,30.82,26.027484790829476,-4.792515209170524,-15.550016901916042
34,Se,4,42.945,35.237056016005226,-7.707943983994774,-17.948408392117297
34,Se,5,68.3,61.80660050055303,-6.493399499446966,-9.507173498458222
34,Se,6,81.7,73.32893969558063,-8.371060304419373,-10.246095843842562
34,Se,7,155.4,68.04159267979698,-87.35840732020303,-56.215191325741976
34,Se,8,192.1,103.47106000177092,-88.62893999822907,-46.13687662583502
34,Se,9,227.5,141.37216918860528,-86.12783081139472,-37.85838716984383
34,Se,10,266.0,181.7449202402419,-84.2550797597581,-31.67484201494666
35,Br,1,11.814,10.983268380438638,-0.8307316195613623,-7.031755709847319
35,Br,2,21.81,19.409207330098415,-2.400792669901584,-11.007760980750042
35,Br,3,36.0,29.365263379727047,-6.634736620272953,-18.429823945202646
35,Br,4,47.3,38.62005319603486,-8.679946803965137,-18.350838909017206
35,Br,5,59.7,49.40496011232608,-10.295039887673923,-17.244622927427006
35,Br,6,88.6,82.21624459483428,-6.383755405165715,-7.205141540819092
35,Br,7,103.0,95.3912402488786,-7.608759751121397,-7.38714538943825
35,Br,8,192.8,97.87266672790714,-94.92733327209287,-49.23616870959173
35,Br,9,227.9,136.80205172877987,-91.09794827122013,-39.97277238754723
35,Br,10,264.2,178.20307859451302,-85.99692140548697,-32.54993240177402
36,Kr,1,14.0,11.971771760548233,-2.0282282394517672,-14.487344567512622
36,Kr,2,24.36,21.17127930132552,-3.18872069867448,-13.089986447760591
36,Kr,3,36.95,31.172553942086214,-5.777446057913789,-15.635848600578589
36,Kr,4,52.5,42.70394568284487,-9.796054317155132,-18.659151080295487
36,Kr,5,64.7,53.5340711902536,-11.165928809746404,-17.258004342730146
36,Kr,6,78.5,65.89431379768939,-12.605686202310608,-16.05819898383517
36,Kr,7,111.0,105.523252747691,-5.476747252308996,-4.934006533611709
36,Kr,8,126.0,120.35090486075205,-5.649095139247947,-4.483408840672974
36,Kr,9,230.85,131.4207306644049,-99.42926933559508,-43.07094188243235
36,Kr,10,268.2,173.85003334417644,-94.34996665582355,-35.17895848464711
37,Rb,1,4.177128,4.342674935356015,0.16554693535601483,3.963176023239289
37,Rb,2,,23.079228580274737,,
37,Rb,3,,33.93560650043395,,
37,Rb,4,,45.59981860009786,,
37,Rb,5,,58.80572640165682,,
37,Rb,6,,71.30506139401065,,
37,Rb,7,,85.34609208824484,,
37,Rb,8,,132.724425618397,,
37,Rb,9,,149.32944290250725,,
37,Rb,10,,168.0549289049534,,
38,Sr,1,5.694867,6.211902168978323,0.5170351689783228,9.078968288079823
38,Sr,2,,9.697880407951555,,
38,Sr,3,,36.4501008670125,,
38,Sr,4,,48.89885516767885,,
38,Sr,5,,62.15577602983889,,
38,Sr,6,,76.95502692200627,,
38,Sr,7,,91.04741428672531,,
38,Sr,8,,106.68213168145168,,
38,Sr,9,,162.11305234955668,,
38,Sr,10,,180.39074920085528,,
39,Y,1,6.2173,6.456657591008108,0.23935759100810827,3.849863944286238
39,Y,2,,9.999873579043236,,
39,Y,3,,12.587404186809634,,
39,Y,4,,52.173476710130004,,
39,Y,5,,66.21606748554035,,
39,Y,6,,81.06716606796816,,
39,Y,7,,97.46124592393114,,
39,Y,8,,113.14816378174699,,
39,Y,9,,130.37806291309803,,
39,Y,10,,194.44963080647443,,
40,Zr,1,6.63405,6.706197369102344,0.07214736910234354,1.0875312833388886
40,Zr,2,,10.306737635095017,,
40,Zr,3,,12.459536110862102,,
40,Zr,4,,22.372757942377426,,
40,Zr,5,,70.25283686429974,,
40,Zr,6,,85.8907764546536,,
40,Zr,7,,102.33757396109813,,
40,Zr,8,,120.32802089994787,,
40,Zr,9,,137.61099961751074,,
40,Zr,10,,156.43762776753758,,
41,Nb,1,6.75885,6.960535466573294,0.20168546657329411,2.9840204557475625
41,Nb,2,,10.61848837354294,,
41,Nb,3,,11.721455590898309,,
41,Nb,4,,22.40595808501956,,
41,Nb,5,,34.94966510838268,,
41,Nb,6,,90.6918160657989,,
41,Nb,7,,107.92666905719979,,
41,Nb,8,,125.97073893725528,,
41,Nb,9,,145.55914332404558,,
41,Nb,10,,164.4397655139244,,
42,Mo,1,7.09243,7.2196861431328525,0.12725614313285227,1.7942530716954876
42,Mo,2,,10.935141888075869,,
42,Mo,3,,10.37358166953996,,
42,Mo,4,,21.82895805076451,,
42,Mo,5,,35.143115462384735,,
42,Mo,6,,50.316053904386145,,
42,Mo,7,,113.49420303231862,,
42,Mo,8,,132.32758625681802,,
42,Mo,9,,151.97055420599733,,
42,Mo,10,,173.15855865173006,,
43,Tc,1,7.11938,7.483663954745772,0.3642839547457726,5.116793242470168
43,Tc,2,,11.25671456872359,,
43,Tc,3,,9.865695565163715,,
43,Tc,4,,20.6421842412938,,
43,Tc,5,,34.72636232438187,,
43,Tc,6,,50.66888773422828,,
43,Tc,7,,68.46976047083305,,
43,Tc,8,,138.66394046314008,,
43,Tc,9,,159.0975229986053,,
43,Tc,10,,180.3410669584134,,
44,Ru,1,7.3605,7.752483753644283,0.39198375364428273,5.32550443100717
44,Ru,2,,11.583223101812818,,
44,Ru,3,,5.822577298222386,,
44,Ru,4,,20.29507902578207,,
44,Ru,5,,33.69983945510097,,
44,Ru,6,,50.41149917474546,,
44,Ru,7,,68.98106231273434,,
44,Ru,8,,89.40852886905311,,
44,Ru,9,,166.20512503884083,,
44,Ru,10,,188.24062820921952,,
45,Rh,1,7.4589,8.026160688416295,0.5672606884162956,7.605152078943217
45,Rh,2,,11.914684469937738,,
45,Rh,3,,2.6203989292224907,,
45,Rh,4,,16.413475167475433,,
45,Rh,5,,33.5126424157626,,
45,Rh,6,,49.54432934573885,,
45,Rh,7,,68.88210728574933,,
45,Rh,8,,90.07733453092806,,
45,Rh,9,,113.13001108121713,,
45,Rh,10,,196.12200742169148,,
46,Pd,1,8.3369,8.304710203873048,-0.03218979612695172,-0.3861122974601077
46,Pd,2,,12.25111595200411,,
46,Pd,3,,64.63560330782555,,
46,Pd,4,,9.726171276205433,,
46,Pd,5,,26.91790546010717,,
46,Pd,6,,45.96662463118093,,
46,Pd,7,,68.32060836841096,,
46,Pd,8,,89.60737863193307,,
46,Pd,9,,114.19941346169826,,
46,Pd,10,,140.64843327854868,,
47,Ag,1,7.576234,8.588148041225688,1.0119140412256877,13.356425385299447
47,Ag,2,,12.592535123214587,,
47,Ag,3,,65.20925750688811,,
47,Ag,4,,5.468967136928553,,
47,Ag,5,,23.428671282079183,,
47,Ag,6,,43.24488589161449,,
47,Ag,7,,64.91761096550553,,
47,Ag,8,,89.89475599816063,,
47,Ag,9,,113.80496026639841,,
47,Ag,10,,141.01958449337133,,
48,Cd,1,8.99382,8.87649023789394,-0.11732976210605983,-1.3045598211445175
48,Cd,2,,12.938959855068699,,
48,Cd,3,,65.12442204912037,,
48,Cd,4,,0.6047756143173946,,
48,Cd,5,,19.33195192422787,,
48,Cd,6,,39.91515397082887,,
48,Cd,7,,62.3543817542939,,
48,Cd,8,,86.64963527447837,,
48,Cd,9,,114.24844598237573,,
48,Cd,10,,140.78059449994967,,
49,In,1,5.78636,6.054865697025359,0.26850569702535854,4.640321325070658
49,In,2,,16.16104152048997,,
49,In,3,,21.441826875309403,,
49,In,4,,0.6046143433705892,,
49,In,5,,19.326796818571147,,
49,In,6,,39.90451009809266,,
49,In,7,,62.33775418210859,,
49,In,8,,86.62652907047438,,
49,In,9,,114.21798021190081,,
49,In,10,,140.74305360175646,,
50,Sn,1,7.343918,7.193316163699837,-0.15060183630016333,-2.0507014961245935
50,Sn,2,,12.475272655632653,,
50,Sn,3,,25.58683071375305,,
50,Sn,4,,32.08728974205348,,
50,Sn,5,,14.624309821000523,,
50,Sn,6,,35.968166477434394,,
50,Sn,7,,59.167048801144134,,
50,Sn,8,,84.22095679207195,,
50,Sn,9,,111.12989045024672,,
50,Sn,10,,141.34060126325772,,
51,Sb,1,8.6084,9.04822571256885,0.43982571256885095,5.1092620297482805
51,Sb,2,,14.261444260805478,,
51,Sb,3,,20.904979440836204,,
51,Sb,4,,37.157620268839395,,
51,Sb,5,,44.87915071227588,,
51,Sb,6,,31.42512610871676,,
51,Sb,7,,55.38909450204176,,
51,Sb,8,,81.20757322060409,,
51,Sb,9,,108.88056226451934,,
51,Sb,10,,138.4080616337008,,
52,Te,1,9.00966,9.356101291963201,0.3464412919632007,3.8452204851592704
52,Te,2,,16.76529340232221,,
52,Te,3,,23.3408705923901,,
52,Te,4,,31.34756719684261,,
52,Te,5,,50.87731220835174,,
52,Te,6,,59.82135161422099,,
52,Te,7,,51.00446079254202,,
52,Te,8,,77.58693512741705,,
52,Te,9,,106.02339424084424,,
52,Te,10,,136.31383813282358,,
53,I,1,10.45126,10.380375153074805,-0.07088484692519437,-0.6782421155458229
53,I,2,,17.72207638417441,,
53,I,3,,26.49571540038155,,
53,I,4,,34.43526280227558,,
53,I,5,,43.80674798933625,,
53,I,6,,66.7499481261917,,
53,I,7,,76.91797384757957,,
53,I,8,,73.35961937928235,,
53,I,9,,102.55895050959862,,
53,I,10,,133.6117306669329,,
54,Xe,1,12.129843,11.3822184379103,-0.7476245620896993,-6.163513922560245
54,Xe,2,,19.396515607139925,,
54,Xe,3,,28.103494856769046,,
54,Xe,4,,38.24324585039078,,
54,Xe,5,,47.54841945570256,,
54,Xe,6,,58.286364804977374,,
54,Xe,7,,84.7797091876187,,
54,Xe,8,,96.17323838348901,,
54,Xe,9,,98.48781529664268,,
54,Xe,10,,130.30231072540806,,
55,Cs,1,3.893905,3.819160265557869,-0.07474473444213103,-1.9195315356212088
55,Cs,2,,21.04938780532896,,
55,Cs,3,,30.430246179816983,,
55,Cs,4,,40.50419735306538,,
55,Cs,5,,52.011769817087576,,
55,Cs,6,,62.68427003909429,,
55,Cs,7,,74.79039155178602,,
55,Cs,8,,104.9709161293979,,
55,Cs,9,,117.59150576435593,,
55,Cs,10,,126.38616989322682,,
56,Ba,1,5.211664,5.176545204858873,-0.035118795141126924,-0.6738499477542474
56,Ba,2,,7.580844321959665,,
56,Ba,3,,32.73634364384361,,
56,Ba,4,,43.48549401392111,,
56,Ba,5,,54.92815543750506,,
56,Ba,6,,67.80530328659913,,
56,Ba,7,,79.84687495999731,,
56,Ba,8,,93.32293305887598,,
56,Ba,9,,127.3280292596227,,
56,Ba,10,,141.17727610406297,,
57,La,1,5.5769,5.272659497510636,-0.30424050248936396,-5.455369515131416
57,La,2,,7.69677483522617,,
57,La,3,,33.81800727518467,,
57,La,4,,44.68271861337798,,
57,La,5,,56.24136679576514,,
57,La,6,,13.429686434819939,,
57,La,7,,85.62799316617604,,
57,La,8,,99.04042554722939,,
57,La,9,,113.88822507669153,,
57,La,10,,151.85564845777404,,
58,Ce,1,5.5386,5.369756870482762,-0.16884312951723768,-3.048480293165018
58,Ce,2,,7.813737460154644,,
58,Ce,3,,34.91419220235865,,
58,Ce,4,,45.89471739685441,,
58,Ce,5,,57.56961276226135,,
58,Ce,6,,13.58992073829576,,
58,Ce,7,,25.25967187825855,,
58,Ce,8,,105.48411728419204,,
58,Ce,9,,120.26924405087964,,
58,Ce,10,,136.49063427674093,,
59,Pr,1,5.473,5.467841895812656,-0.005158104187343859,-0.09424637652738643
59,Pr,2,,7.931737366417652,,
59,Pr,3,,36.02495746737792,,
59,Pr,4,,47.12155295615969,,
59,Pr,5,,58.912959478807345,,
59,Pr,6,,13.34759148953858,,
59,Pr,7,,25.523636428527258,,
59,Pr,8,,38.925696196231,,
59,Pr,9,,127.37808439041069,,
59,Pr,10,,143.5377836421307,,
60,Nd,1,5.525,5.566919198511593,0.04191919851159298,0.7587185250967055
60,Nd,2,,8.050779776424468,,
60,Nd,3,,37.15036294830971,,
60,Nd,4,,48.36328871930599,,
60,Nd,5,,60.271473923419826,,
60,Nd,6,,12.70309215951699,,
60,Nd,7,,25.385031740627227,,
60,Nd,8,,39.29258376673709,,
60,Nd,9,,54.4257482379042,,
60,Nd,10,,151.31443415568918,,
61,Pm,1,5.582,5.666993456268268,0.08499345626826837,1.5226344727385952
61,Pm,2,,8.170869965439692,,
61,Pm,3,,38.29046935921655,,
61,Pm,4,,49.619988950568064,,
61,Pm,5,,61.64522391011091,,
61,Pm,6,,11.656829536584468,,
61,Pm,7,,24.844256162315176,,
61,Pm,8,,39.256886086752395,,
61,Pm,9,,54.894719309723286,,
61,Pm,10,,71.75775583117023,,
62,Sm,1,5.6437,5.768069399537575,0.1243693995375752,2.203685517259514
62,Sm,2,,8.292013261494276,,
62,Sm,3,,39.445338250453055,,
62,Sm,4,,50.891718750008216,,
62,Sm,5,,63.034278089184994,,
62,Sm,6,,10.209223726680975,,
62,Sm,7,,23.901721359193612,,
62,Sm,8,,38.819006380908256,,
62,Sm,9,,54.96107879217048,,
62,Sm,10,,72.32793859286511,,
63,Eu,1,5.670385,5.870151811629728,0.1997668116297282,3.522984975971265
63,Eu,2,,8.414215045415169,,
63,Eu,3,,40.61503200854753,,
63,Eu,4,,52.17854405415923,,
63,Eu,5,,64.43870594664446,,
63,Eu,6,,10.522066765664855,,
63,Eu,7,,22.557852313500923,,
63,Eu,8,,37.979361191624015,,
63,Eu,9,,54.62523478709733,,
63,Eu,10,,72.49547310009359,,
64,Gd,1,6.1498,5.9732455287699935,-0.17655447123000645,-2.870897772773203
64,Gd,2,,8.537480750765802,,
64,Gd,3,,41.79961385584512,,
64,Gd,4,,53.48053163531135,,
64,Gd,5,,65.85857780525977,,
64,Gd,6,,6.092094603610452,,
64,Gd,7,,22.97368786166766,,
64,Gd,8,,36.73838037818548,,
64,Gd,9,,53.88760871339455,,
64,Gd,10,,72.26077233158168,,
65,Tb,1,5.8637,6.077355439741693,0.213655439741693,3.6436966376467588
65,Tb,2,,8.661815864024568,,
65,Tb,3,,42.999147851161915,,
65,Tb,4,,54.79774910216622,,
65,Tb,5,,67.29396482332075,,
65,Tb,6,,3.423492084159567,,
65,Tb,7,,18.64825005827308,,
65,Tb,8,,37.256337638746935,,
65,Tb,9,,52.748635307683124,,
65,Tb,10,,71.62426258315226,,
66,Dy,1,5.9389,6.182486486302644,0.243586486302644,4.101542142528818
66,Dy,2,,8.787225924406417,,
66,Dy,3,,44.21369888901136,,
66,Dy,4,,56.13026489936108,,
66,Dy,5,,68.74493899558834,,
66,Dy,6,,0.3553742958461705,,
66,Dy,7,,16.083447613128104,,
66,Dy,8,,33.03457705587391,,
66,Dy,9,,53.36781119162619,,
66,Dy,10,,70.58638346807062,,
67,Ho,1,6.0215,6.288643662947177,0.26714366294717706,4.436496935102169
67,Ho,2,,8.913716523862641,,
67,Ho,3,,45.44333270049749,,
67,Ho,4,,57.47814830776636,,
67,Ho,5,,70.21157315269924,,
67,Ho,6,,84.3900297150473,,
67,Ho,7,,14.227664949914397,,
67,Ho,8,,32.10902891754118,,
67,Ho,9,,51.21299928754765,,
67,Ho,10,,71.5395760598763,,
68,Er,1,6.1073,6.395832016905927,0.28853201690592645,4.724379298641403
68,Er,2,,9.041293307319451,,
68,Er,3,,46.68811585254065,,
68,Er,4,,58.841469444128,,
68,Er,5,,71.69394096170241,,
68,Er,6,,85.99249638754024,,
68,Er,7,,10.498813476746719,,
68,Er,8,,28.88195142506937,,
68,Er,9,,48.487239290224444,,
68,Er,10,,69.31467707203954,,
69,Tm,1,6.18431,6.504056648384569,0.31974664838456945,5.170288170945011
69,Tm,2,,9.169961972260444,,
69,Tm,3,,47.948115748115335,,
69,Tm,4,,60.220299261723646,,
69,Tm,5,,73.19211692552243,,
69,Tm,6,,87.61108627632755,,
69,Tm,7,,6.371743198311847,,
69,Tm,8,,25.256170768242747,,
69,Tm,9,,45.36228500624858,,
69,Tm,10,,66.69008591267404,,
70,Yb,1,6.25416,6.613322710086215,0.35916271008621514,5.742780966368228
70,Yb,2,,9.299728269144216,,
70,Yb,3,,49.22340062654894,,
70,Yb,4,,61.614709549587054,,
70,Yb,5,,74.70617638313803,,
70,Yb,6,,89.24587827069138,,
70,Yb,7,,1.8469787063705052,,
70,Yb,8,,21.232203097737237,,
70,Yb,9,,41.83864414630283,,
70,Yb,10,,63.66630185195244,,
71,Lu,1,5.425871,6.811477974764125,1.3856069747641255,25.537042343323783
71,Lu,2,,4.093847222050357,,
71,Lu,3,,14.847925522326728,,
71,Lu,4,,65.3544510093218,,
71,Lu,5,,79.13189761005036,,
71,Lu,6,,93.6100334176135,,
71,Lu,7,,109.53750323436884,,
71,Lu,8,,16.810577882245635,,
71,Lu,9,,37.91683773816759,,
71,Lu,10,,60.24383747743194,,
72,Hf,1,6.82507,7.012738569077542,0.18766856907754192,2.7496944218526975
72,Hf,2,,3.946541080548757,,
72,Hf,3,,10.060578752564508,,
72,Hf,4,,21.694063665175506,,
72,Hf,5,,83.54113057531877,,
72,Hf,6,,98.70696565514564,,
72,Hf,7,,114.5740287742476,,
72,Hf,8,,12.281397758797478,,
72,Hf,9,,33.459955080860375,,
72,Hf,10,,55.85876874971599,,
73,Ta,1,7.54957,7.21711712261733,-0.3324528773826705,-4.4036001703762
73,Ta,2,,3.353853515059905,,
73,Ta,3,,10.030116483720262,,
73,Ta,4,,18.063691812310168,,
73,Ta,5,,29.841335242369375,,
73,Ta,6,,103.78870449594595,,
73,Ta,7,,120.3452232778464,,
73,Ta,8,,7.225310443653004,,
73,Ta,9,,28.475983489518104,,
73,Ta,10,,50.94642258247408,,
74,W,1,7.86405,7.424626441528404,-0.43942355847159575,-5.587751330060157
74,W,2,,2.316331550000282,,
74,W,3,,9.554325708320775,,
74,W,4,,18.1490791133223,,
74,W,5,,28.10059176489019,,
74,W,6,,39.29301593671439,,
74,W,7,,126.10256886394166,,
74,W,8,,1.6430396126234965,,
74,W,9,,22.965645298288468,,
74,W,10,,45.507519968821505,,
75,Re,1,7.83352,7.635279508509965,-0.19824049149003464,-2.5306693732834615
75,Re,2,,2.2688528761397206,,
75,Re,3,,8.633758877595461,,
75,Re,4,,17.789179334145818,,
75,Re,5,,28.300798399009285,,
75,Re,6,,40.168616071956606,,
75,Re,7,,50.05246456914407,,
75,Re,8,,150.48825069283674,,
75,Re,9,,18.549412431647173,,
75,Re,10,,41.58901457843055,,
76,Os,1,8.4382,7.849089482755678,-0.5891105172443218,-6.981471371196722
76,Os,2,,10.752115431507137,,
76,Os,3,,4.241294483687512,,
76,Os,4,,15.184873293539393,,
76,Os,5,,24.589291285980845,,
76,Os,6,,36.783054679534295,,
76,Os,7,,50.33244851745492,,
76,Os,8,,65.2374727998,,
76,Os,9,,12.481844659488821,,
76,Os,10,,35.5923199977437,,
77,Ir,1,8.967,8.066069699713218,-0.9009303002867828,-10.047176316346413
77,Ir,2,,11.005495257606938,,
77,Ir,3,,1.8972829121503383,,
77,Ir,4,,11.966850945317573,,
77,Ir,5,,24.824579841570003,,
77,Ir,6,,36.14380154845451,,
77,Ir,7,,50.25118411848148,,
77,Ir,8,,65.71362144358102,,
77,Ir,9,,11.886145487222365,,
77,Ir,10,,34.673353109693046,,
78,Pt,1,8.95883,8.286233671745086,-0.6725963282549152,-7.507635799037543
78,Pt,2,,11.26214638354363,,
78,Pt,3,,112.73573889371119,,
78,Pt,4,,7.072665477283805,,
78,Pt,5,,19.61937122620751,,
78,Pt,6,,33.520548515675,,
78,Pt,7,,50.20868664598484,,
78,Pt,8,,65.35897975918552,,
78,Pt,9,,15.645314957751232,,
78,Pt,10,,37.715621276603876,,
79,Au,1,9.225554,8.509595087227138,-0.7159589127728623,-7.760606168180926
79,Au,2,,11.522083590537166,,
79,Au,3,,119.71953764948992,,
79,Au,4,,3.959605135820661,,
79,Au,5,,17.064093047874973,,
79,Au,6,,31.52246176076719,,
79,Au,7,,47.334711274154,,
79,Au,8,,65.9327061221532,,
79,Au,9,,14.02828883233546,,
79,Au,10,,35.77578745876596,,
80,Hg,1,10.437505,8.73616781133002,-1.7013371886699797,-16.30022872966269
80,Hg,2,,11.785321836061103,,
80,Hg,3,,126.48998435840929,,
80,Hg,4,,0.4051008170836551,,
80,Hg,5,,14.066803391742376,,
80,Hg,6,,29.081788502012618,,
80,Hg,7,,45.45005614778001,,
80,Hg,8,,63.17160632893016,,
80,Hg,9,,12.087511144049436,,
80,Hg,10,,33.5123562400391,,
81,Tl,1,6.108194,5.4142169200188786,-0.6939770799811216,-11.361411899836868
81,Tl,2,,14.187690690737682,,
81,Tl,3,,17.980334452699932,,
81,Tl,4,,0.40491947560431873,,
81,Tl,5,,14.060506453229745,,
81,Tl,6,,29.06877017589156,,
81,Tl,7,,45.429710643475445,,
81,Tl,8,,63.14332785586706,,
81,Tl,9,,6.258414645905093,,
81,Tl,10,,27.754018927217736,,
82,Pb,1,7.4166,6.530719391045572,-0.8858806089544276,-11.944565015700288
82,Pb,2,,10.92871930612566,,
82,Pb,3,,20.948761304239593,,
82,Pb,4,,2.7141248505024724,,
82,Pb,5,,17.158469803179933,,
82,Pb,6,,32.954878184855616,,
82,Pb,7,,50.10334999575807,,
82,Pb,8,,68.6038852354302,,
82,Pb,9,,10.137287887559308,,
82,Pb,10,,32.174541274094835,,
83,Bi,1,7.2855,8.385923291743005,1.100423291743005,15.10429334627692
83,Bi,2,,12.57822258547925,,
83,Bi,3,,18.09304527120423,,
83,Bi,4,,5.376443661067798,,
83,Bi,5,,20.608740567860448,,
83,Bi,6,,37.192480062264494,,
83,Bi,7,,55.127662144851065,,
83,Bi,8,,74.41428681459213,,
83,Bi,9,,14.12514168958159,,
83,Bi,10,,36.703418213995484,,
84,Po,1,8.414,8.663417743556815,0.24941774355681545,2.9643183213312985
84,Po,2,,14.968102270934663,,
84,Po,3,,20.278074531881437,,
84,Po,4,,26.91174621257712,,
84,Po,5,,17.300734365473925,,
84,Po,6,,34.4387415881609,,
84,Po,7,,52.92756303206632,,
84,Po,8,,72.76719869684764,,
84,Po,9,,11.385410397098745,,
84,Po,10,,33.64071635600055,,
85,At,1,9.3175,9.67949343687714,0.3619934368771389,3.8850918902832183
85,At,2,,15.779903423114176,,
85,At,3,,23.205202940901565,,
85,At,4,,29.63489586634882,,
85,At,5,,37.389478323346424,,
85,At,6,,31.244237962815188,,
85,At,7,,50.28606979862872,,
85,At,8,,70.67807996357641,,
85,At,9,,8.323831705196595,,
85,At,10,,30.25633556561438,,
86,Rn,1,10.7485,10.67804541014987,-0.07045458985012942,-0.6554829962332365
86,Rn,2,,17.331992211083914,,
86,Rn,3,,24.553906830043093,,
86,Rn,4,,33.101915176273835,,
86,Rn,5,,40.653412020395635,,
86,Rn,6,,49.53100259203135,,
86,Rn,7,,47.20385230353607,,
86,Rn,8,,68.1475910811338,,
86,Rn,9,,4.940914981119585,,
86,Rn,10,,26.55079043206698,,
